y/D,CS1,CS2,CS3,CS4,,Z,Average values of test 1.1 and 1.2 in Centerline
0.75,0.83877551,0.093127706,0.067171717,0.051366397,,,
0.5,0.575,0.165356692,0.108936652,0.070262726,,,
0.25,0.063414634,0.63076241,0.4482193,0.62523452,,,
0.1,0.019512195,1.272393822,1.214141414,1.0571429,,,
