y/D,CS1,CS2,CS3,CS4,,Z,Average values of test 1.1 and 1.2 in Centerline
0.75,0.73877551,0.073127706,0.057171717,0.041366397,,,
0.5,0.505,0.105356692,0.090893665,0.460262726,,,
0.25,0.053414634,0.53076241,0.7082193,0.88523452,,,
0.1,0.017512195,1.172393822,1.014141414,1.0071429,,,
